{
  "version": "2022.1",
  "applications": [],
  "platforms": [
    {
      "name": "DAC_Zynq_Platform"
    }
  ],
  "systems": [
    {
      "name": "DAC_Zynq_App_system",
      "platform": "D:/Personal/SBU/DAC/Pynq_DAC/Vitis/DAC_Zynq_Platform/export/DAC_Zynq_Platform/DAC_Zynq_Platform.xpfm",
      "sysConfig": "DAC_Zynq_Platform",
      "buildConfig": "Debug",
      "applications": [
        {
          "name": "DAC_Zynq_App",
          "platform": "D:/Personal/SBU/DAC/Pynq_DAC/Vitis/DAC_Zynq_Platform/export/DAC_Zynq_Platform/DAC_Zynq_Platform.xpfm",
          "platformPath": "D:\\Personal\\SBU\\DAC\\Pynq_DAC\\Vitis\\DAC_Zynq_Platform\\export\\DAC_Zynq_Platform",
          "sysConfig": "DAC_Zynq_Platform",
          "domain": "standalone_domain",
          "system": "DAC_Zynq_App_system"
        }
      ],
      "platformPath": "D:\\Personal\\SBU\\DAC\\Pynq_DAC\\Vitis\\DAC_Zynq_Platform\\export\\DAC_Zynq_Platform"
    }
  ],
  "others": []
}